store_id,store_name,city,address,latitude,longitude,store_hours.timezone,store_hours.monday,store_hours.tuesday,store_hours.wednesday,store_hours.thursday,store_hours.friday,store_hours.saturday,store_hours.sunday,store_status,pickup_available,reservation_available,retailer_id,sku,quantity,offline_price
st_north_1,Bandra Store,Mumbai,"Hill Road, Bandra West, Mumbai 400050",19.0544,72.8267,Asia/Kolkata,00:00-23:59,00:00-23:59,00:00-23:59,00:00-23:59,00:00-23:59,00:00-23:59,00:00-23:59,ACTIVE,true,true,rtl_north,DBC-VCSERUM-30,20,795
st_north_1,Bandra Store,Mumbai,"Hill Road, Bandra West, Mumbai 400050",19.0544,72.8267,Asia/Kolkata,00:00-23:59,00:00-23:59,00:00-23:59,00:00-23:59,00:00-23:59,00:00-23:59,00:00-23:59,ACTIVE,true,true,rtl_north,DBC-VCSERUM-50,0,1195
st_north_1,Bandra Store,Mumbai,"Hill Road, Bandra West, Mumbai 400050",19.0544,72.8267,Asia/Kolkata,00:00-23:59,00:00-23:59,00:00-23:59,00:00-23:59,00:00-23:59,00:00-23:59,00:00-23:59,ACTIVE,true,true,rtl_north,DBC-NIASERUM-30,8,649
st_north_1,Bandra Store,Mumbai,"Hill Road, Bandra West, Mumbai 400050",19.0544,72.8267,Asia/Kolkata,00:00-23:59,00:00-23:59,00:00-23:59,00:00-23:59,00:00-23:59,00:00-23:59,00:00-23:59,ACTIVE,true,true,rtl_north,DBC-HASERUM-30,6,699
st_north_1,Bandra Store,Mumbai,"Hill Road, Bandra West, Mumbai 400050",19.0544,72.8267,Asia/Kolkata,00:00-23:59,00:00-23:59,00:00-23:59,00:00-23:59,00:00-23:59,00:00-23:59,00:00-23:59,ACTIVE,true,true,rtl_north,DBC-CERCREAM-50,10,599
st_north_1,Bandra Store,Mumbai,"Hill Road, Bandra West, Mumbai 400050",19.0544,72.8267,Asia/Kolkata,00:00-23:59,00:00-23:59,00:00-23:59,00:00-23:59,00:00-23:59,00:00-23:59,00:00-23:59,ACTIVE,true,true,rtl_north,DBC-GELMOIST-50,7,499
st_north_1,Bandra Store,Mumbai,"Hill Road, Bandra West, Mumbai 400050",19.0544,72.8267,Asia/Kolkata,00:00-23:59,00:00-23:59,00:00-23:59,00:00-23:59,00:00-23:59,00:00-23:59,00:00-23:59,ACTIVE,true,true,rtl_north,DBC-MINSPF-50,12,649
st_north_1,Bandra Store,Mumbai,"Hill Road, Bandra West, Mumbai 400050",19.0544,72.8267,Asia/Kolkata,00:00-23:59,00:00-23:59,00:00-23:59,00:00-23:59,00:00-23:59,00:00-23:59,00:00-23:59,ACTIVE,true,true,rtl_north,DBC-GELSPF-50,9,599
st_north_1,Bandra Store,Mumbai,"Hill Road, Bandra West, Mumbai 400050",19.0544,72.8267,Asia/Kolkata,00:00-23:59,00:00-23:59,00:00-23:59,00:00-23:59,00:00-23:59,00:00-23:59,00:00-23:59,ACTIVE,true,true,rtl_north,DBC-FOAMCLN-100,15,349
st_north_1,Bandra Store,Mumbai,"Hill Road, Bandra West, Mumbai 400050",19.0544,72.8267,Asia/Kolkata,00:00-23:59,00:00-23:59,00:00-23:59,00:00-23:59,00:00-23:59,00:00-23:59,00:00-23:59,ACTIVE,true,true,rtl_north,DBC-NIGHTCRM-30,4,749
st_north_1,Bandra Store,Mumbai,"Hill Road, Bandra West, Mumbai 400050",19.0544,72.8267,Asia/Kolkata,00:00-23:59,00:00-23:59,00:00-23:59,00:00-23:59,00:00-23:59,00:00-23:59,00:00-23:59,ACTIVE,true,true,rtl_north,DBC-SALCLN-100,-2,399
st_north_2,Andheri Store,Mumbai,"Lokhandwala Complex, Andheri West, Mumbai 400053",19.1364,72.8296,Asia/Kolkata,00:00-23:59,00:00-23:59,00:00-23:59,00:00-23:59,00:00-23:59,00:00-23:59,00:00-23:59,ACTIVE,true,true,rtl_north,DBC-VCSERUM-30,25,795
st_north_2,Andheri Store,Mumbai,"Lokhandwala Complex, Andheri West, Mumbai 400053",19.1364,72.8296,Asia/Kolkata,00:00-23:59,00:00-23:59,00:00-23:59,00:00-23:59,00:00-23:59,00:00-23:59,00:00-23:59,ACTIVE,true,true,rtl_north,DBC-VCSERUM-50,0,1195
st_north_2,Andheri Store,Mumbai,"Lokhandwala Complex, Andheri West, Mumbai 400053",19.1364,72.8296,Asia/Kolkata,00:00-23:59,00:00-23:59,00:00-23:59,00:00-23:59,00:00-23:59,00:00-23:59,00:00-23:59,ACTIVE,true,true,rtl_north,DBC-NIASERUM-30,2,649
st_north_2,Andheri Store,Mumbai,"Lokhandwala Complex, Andheri West, Mumbai 400053",19.1364,72.8296,Asia/Kolkata,00:00-23:59,00:00-23:59,00:00-23:59,00:00-23:59,00:00-23:59,00:00-23:59,00:00-23:59,ACTIVE,true,true,rtl_north,DBC-NIASERUM-50,4,949
st_north_2,Andheri Store,Mumbai,"Lokhandwala Complex, Andheri West, Mumbai 400053",19.1364,72.8296,Asia/Kolkata,00:00-23:59,00:00-23:59,00:00-23:59,00:00-23:59,00:00-23:59,00:00-23:59,00:00-23:59,ACTIVE,true,true,rtl_north,DBC-CERCREAM-100,6,999
st_north_2,Andheri Store,Mumbai,"Lokhandwala Complex, Andheri West, Mumbai 400053",19.1364,72.8296,Asia/Kolkata,00:00-23:59,00:00-23:59,00:00-23:59,00:00-23:59,00:00-23:59,00:00-23:59,00:00-23:59,ACTIVE,true,true,rtl_north,DBC-MINSPF-50,8,649
st_north_2,Andheri Store,Mumbai,"Lokhandwala Complex, Andheri West, Mumbai 400053",19.1364,72.8296,Asia/Kolkata,00:00-23:59,00:00-23:59,00:00-23:59,00:00-23:59,00:00-23:59,00:00-23:59,00:00-23:59,ACTIVE,true,true,rtl_north,DBC-MINSPF-80,3,899
st_north_2,Andheri Store,Mumbai,"Lokhandwala Complex, Andheri West, Mumbai 400053",19.1364,72.8296,Asia/Kolkata,00:00-23:59,00:00-23:59,00:00-23:59,00:00-23:59,00:00-23:59,00:00-23:59,00:00-23:59,ACTIVE,true,true,rtl_north,DBC-FOAMCLN-200,10,599
st_north_2,Andheri Store,Mumbai,"Lokhandwala Complex, Andheri West, Mumbai 400053",19.1364,72.8296,Asia/Kolkata,00:00-23:59,00:00-23:59,00:00-23:59,00:00-23:59,00:00-23:59,00:00-23:59,00:00-23:59,ACTIVE,true,true,rtl_north,DBC-SALCLN-100,7,399
st_north_2,Andheri Store,Mumbai,"Lokhandwala Complex, Andheri West, Mumbai 400053",19.1364,72.8296,Asia/Kolkata,00:00-23:59,00:00-23:59,00:00-23:59,00:00-23:59,00:00-23:59,00:00-23:59,00:00-23:59,ACTIVE,true,true,rtl_north,DBC-NIGHTCRM-50,2,1099
st_north_2,Andheri Store,Mumbai,"Lokhandwala Complex, Andheri West, Mumbai 400053",19.1364,72.8296,Asia/Kolkata,00:00-23:59,00:00-23:59,00:00-23:59,00:00-23:59,00:00-23:59,00:00-23:59,00:00-23:59,ACTIVE,true,true,rtl_north,DBC-LIPBALM-10,5,299
st_north_3,Powai Store,Mumbai,"Hiranandani Gardens, Powai, Mumbai 400076",19.1176,72.9060,Asia/Kolkata,00:00-23:59,00:00-23:59,00:00-23:59,00:00-23:59,00:00-23:59,00:00-23:59,00:00-23:59,ACTIVE,true,true,rtl_north,DBC-VCSERUM-30,0,795
st_north_3,Powai Store,Mumbai,"Hiranandani Gardens, Powai, Mumbai 400076",19.1176,72.9060,Asia/Kolkata,00:00-23:59,00:00-23:59,00:00-23:59,00:00-23:59,00:00-23:59,00:00-23:59,00:00-23:59,ACTIVE,true,true,rtl_north,DBC-VCSERUM-50,0,1195
st_north_3,Powai Store,Mumbai,"Hiranandani Gardens, Powai, Mumbai 400076",19.1176,72.9060,Asia/Kolkata,00:00-23:59,00:00-23:59,00:00-23:59,00:00-23:59,00:00-23:59,00:00-23:59,00:00-23:59,ACTIVE,true,true,rtl_north,DBC-NIASERUM-30,6,649
st_north_3,Powai Store,Mumbai,"Hiranandani Gardens, Powai, Mumbai 400076",19.1176,72.9060,Asia/Kolkata,00:00-23:59,00:00-23:59,00:00-23:59,00:00-23:59,00:00-23:59,00:00-23:59,00:00-23:59,ACTIVE,true,true,rtl_north,DBC-HASERUM-50,5,999
st_north_3,Powai Store,Mumbai,"Hiranandani Gardens, Powai, Mumbai 400076",19.1176,72.9060,Asia/Kolkata,00:00-23:59,00:00-23:59,00:00-23:59,00:00-23:59,00:00-23:59,00:00-23:59,00:00-23:59,ACTIVE,true,true,rtl_north,DBC-GELMOIST-100,4,849
st_north_3,Powai Store,Mumbai,"Hiranandani Gardens, Powai, Mumbai 400076",19.1176,72.9060,Asia/Kolkata,00:00-23:59,00:00-23:59,00:00-23:59,00:00-23:59,00:00-23:59,00:00-23:59,00:00-23:59,ACTIVE,true,true,rtl_north,DBC-GELSPF-50,11,599
st_north_3,Powai Store,Mumbai,"Hiranandani Gardens, Powai, Mumbai 400076",19.1176,72.9060,Asia/Kolkata,00:00-23:59,00:00-23:59,00:00-23:59,00:00-23:59,00:00-23:59,00:00-23:59,00:00-23:59,ACTIVE,true,true,rtl_north,DBC-FOAMCLN-100,9,349
st_pune_1,Koregaon Park Store,Pune,"North Main Road, Koregaon Park, Pune 411001",18.5362,73.8940,Asia/Kolkata,10:00-21:00,10:00-21:00,10:00-21:00,10:00-21:00,10:00-21:00,10:00-22:00,11:00-20:00,ACTIVE,true,true,rtl_pune,DBC-VCSERUM-30,7,795
st_pune_1,Koregaon Park Store,Pune,"North Main Road, Koregaon Park, Pune 411001",18.5362,73.8940,Asia/Kolkata,10:00-21:00,10:00-21:00,10:00-21:00,10:00-21:00,10:00-21:00,10:00-22:00,11:00-20:00,ACTIVE,true,true,rtl_pune,DBC-VCSERUM-50,4,1195
st_pune_1,Koregaon Park Store,Pune,"North Main Road, Koregaon Park, Pune 411001",18.5362,73.8940,Asia/Kolkata,10:00-21:00,10:00-21:00,10:00-21:00,10:00-21:00,10:00-21:00,10:00-22:00,11:00-20:00,ACTIVE,true,true,rtl_pune,DBC-NIASERUM-50,3,949
st_pune_1,Koregaon Park Store,Pune,"North Main Road, Koregaon Park, Pune 411001",18.5362,73.8940,Asia/Kolkata,10:00-21:00,10:00-21:00,10:00-21:00,10:00-21:00,10:00-21:00,10:00-22:00,11:00-20:00,ACTIVE,true,true,rtl_pune,DBC-CERCREAM-50,5,599
st_pune_1,Koregaon Park Store,Pune,"North Main Road, Koregaon Park, Pune 411001",18.5362,73.8940,Asia/Kolkata,10:00-21:00,10:00-21:00,10:00-21:00,10:00-21:00,10:00-21:00,10:00-22:00,11:00-20:00,ACTIVE,true,true,rtl_pune,DBC-MINSPF-50,6,649
st_pune_1,Koregaon Park Store,Pune,"North Main Road, Koregaon Park, Pune 411001",18.5362,73.8940,Asia/Kolkata,10:00-21:00,10:00-21:00,10:00-21:00,10:00-21:00,10:00-21:00,10:00-22:00,11:00-20:00,ACTIVE,true,true,rtl_pune,DBC-SALCLN-100,8,399
st_pune_1,Koregaon Park Store,Pune,"North Main Road, Koregaon Park, Pune 411001",18.5362,73.8940,Asia/Kolkata,10:00-21:00,10:00-21:00,10:00-21:00,10:00-21:00,10:00-21:00,10:00-22:00,11:00-20:00,ACTIVE,true,true,rtl_pune,DBC-HASERUM-30,4,free
st_north_1,Bandra Store,Mumbai,"Hill Road, Bandra West, Mumbai 400050",19.0544,72.8267,Asia/Kolkata,00:00-23:59,00:00-23:59,00:00-23:59,00:00-23:59,00:00-23:59,00:00-23:59,00:00-23:59,ACTIVE,true,true,rtl_north,DBC-MICWTR-200,10,349
st_north_1,Bandra Store,Mumbai,"Hill Road, Bandra West, Mumbai 400050",19.0544,72.8267,Asia/Kolkata,00:00-23:59,00:00-23:59,00:00-23:59,00:00-23:59,00:00-23:59,00:00-23:59,00:00-23:59,ACTIVE,true,true,rtl_north,DBC-MICWTR-400,10,599
st_north_1,Bandra Store,Mumbai,"Hill Road, Bandra West, Mumbai 400050",19.0544,72.8267,Asia/Kolkata,00:00-23:59,00:00-23:59,00:00-23:59,00:00-23:59,00:00-23:59,00:00-23:59,00:00-23:59,ACTIVE,true,true,rtl_north,DBC-EYECRM-15,10,699
st_north_1,Bandra Store,Mumbai,"Hill Road, Bandra West, Mumbai 400050",19.0544,72.8267,Asia/Kolkata,00:00-23:59,00:00-23:59,00:00-23:59,00:00-23:59,00:00-23:59,00:00-23:59,00:00-23:59,ACTIVE,true,true,rtl_north,DBC-LIPBALM-10,10,249
st_north_1,Bandra Store,Mumbai,"Hill Road, Bandra West, Mumbai 400050",19.0544,72.8267,Asia/Kolkata,00:00-23:59,00:00-23:59,00:00-23:59,00:00-23:59,00:00-23:59,00:00-23:59,00:00-23:59,ACTIVE,true,true,rtl_north,DBC-BODYLOT-200,10,449
st_north_1,Bandra Store,Mumbai,"Hill Road, Bandra West, Mumbai 400050",19.0544,72.8267,Asia/Kolkata,00:00-23:59,00:00-23:59,00:00-23:59,00:00-23:59,00:00-23:59,00:00-23:59,00:00-23:59,ACTIVE,true,true,rtl_north,DBC-BODYLOT-400,10,749
st_north_2,Andheri Store,Mumbai,"Lokhandwala Complex, Andheri West, Mumbai 400053",19.1364,72.8296,Asia/Kolkata,00:00-23:59,00:00-23:59,00:00-23:59,00:00-23:59,00:00-23:59,00:00-23:59,00:00-23:59,ACTIVE,true,true,rtl_north,DBC-MICWTR-200,12,349
st_north_2,Andheri Store,Mumbai,"Lokhandwala Complex, Andheri West, Mumbai 400053",19.1364,72.8296,Asia/Kolkata,00:00-23:59,00:00-23:59,00:00-23:59,00:00-23:59,00:00-23:59,00:00-23:59,00:00-23:59,ACTIVE,true,true,rtl_north,DBC-MICWTR-400,12,599
st_north_2,Andheri Store,Mumbai,"Lokhandwala Complex, Andheri West, Mumbai 400053",19.1364,72.8296,Asia/Kolkata,00:00-23:59,00:00-23:59,00:00-23:59,00:00-23:59,00:00-23:59,00:00-23:59,00:00-23:59,ACTIVE,true,true,rtl_north,DBC-EYECRM-15,12,699
st_north_2,Andheri Store,Mumbai,"Lokhandwala Complex, Andheri West, Mumbai 400053",19.1364,72.8296,Asia/Kolkata,00:00-23:59,00:00-23:59,00:00-23:59,00:00-23:59,00:00-23:59,00:00-23:59,00:00-23:59,ACTIVE,true,true,rtl_north,DBC-LIPBALM-10,12,249
st_north_2,Andheri Store,Mumbai,"Lokhandwala Complex, Andheri West, Mumbai 400053",19.1364,72.8296,Asia/Kolkata,00:00-23:59,00:00-23:59,00:00-23:59,00:00-23:59,00:00-23:59,00:00-23:59,00:00-23:59,ACTIVE,true,true,rtl_north,DBC-BODYLOT-200,12,449
st_north_2,Andheri Store,Mumbai,"Lokhandwala Complex, Andheri West, Mumbai 400053",19.1364,72.8296,Asia/Kolkata,00:00-23:59,00:00-23:59,00:00-23:59,00:00-23:59,00:00-23:59,00:00-23:59,00:00-23:59,ACTIVE,true,true,rtl_north,DBC-BODYLOT-400,12,749
st_north_3,Powai Store,Mumbai,"Hiranandani Gardens, Powai, Mumbai 400076",19.1176,72.9060,Asia/Kolkata,00:00-23:59,00:00-23:59,00:00-23:59,00:00-23:59,00:00-23:59,00:00-23:59,00:00-23:59,ACTIVE,true,true,rtl_north,DBC-MICWTR-200,0,349
st_north_3,Powai Store,Mumbai,"Hiranandani Gardens, Powai, Mumbai 400076",19.1176,72.9060,Asia/Kolkata,00:00-23:59,00:00-23:59,00:00-23:59,00:00-23:59,00:00-23:59,00:00-23:59,00:00-23:59,ACTIVE,true,true,rtl_north,DBC-MICWTR-400,0,599
st_north_3,Powai Store,Mumbai,"Hiranandani Gardens, Powai, Mumbai 400076",19.1176,72.9060,Asia/Kolkata,00:00-23:59,00:00-23:59,00:00-23:59,00:00-23:59,00:00-23:59,00:00-23:59,00:00-23:59,ACTIVE,true,true,rtl_north,DBC-EYECRM-15,0,699
st_north_3,Powai Store,Mumbai,"Hiranandani Gardens, Powai, Mumbai 400076",19.1176,72.9060,Asia/Kolkata,00:00-23:59,00:00-23:59,00:00-23:59,00:00-23:59,00:00-23:59,00:00-23:59,00:00-23:59,ACTIVE,true,true,rtl_north,DBC-LIPBALM-10,0,249
st_north_3,Powai Store,Mumbai,"Hiranandani Gardens, Powai, Mumbai 400076",19.1176,72.9060,Asia/Kolkata,00:00-23:59,00:00-23:59,00:00-23:59,00:00-23:59,00:00-23:59,00:00-23:59,00:00-23:59,ACTIVE,true,true,rtl_north,DBC-BODYLOT-200,0,449
st_north_3,Powai Store,Mumbai,"Hiranandani Gardens, Powai, Mumbai 400076",19.1176,72.9060,Asia/Kolkata,00:00-23:59,00:00-23:59,00:00-23:59,00:00-23:59,00:00-23:59,00:00-23:59,00:00-23:59,ACTIVE,true,true,rtl_north,DBC-BODYLOT-400,0,749
st_pune_1,Koregaon Park Store,Pune,"North Main Road, Koregaon Park, Pune 411001",18.5362,73.8940,Asia/Kolkata,10:00-21:00,10:00-21:00,10:00-21:00,10:00-21:00,10:00-21:00,10:00-22:00,11:00-20:00,ACTIVE,true,true,rtl_pune,DBC-MICWTR-200,6,349
st_pune_1,Koregaon Park Store,Pune,"North Main Road, Koregaon Park, Pune 411001",18.5362,73.8940,Asia/Kolkata,10:00-21:00,10:00-21:00,10:00-21:00,10:00-21:00,10:00-21:00,10:00-22:00,11:00-20:00,ACTIVE,true,true,rtl_pune,DBC-MICWTR-400,6,599
st_pune_1,Koregaon Park Store,Pune,"North Main Road, Koregaon Park, Pune 411001",18.5362,73.8940,Asia/Kolkata,10:00-21:00,10:00-21:00,10:00-21:00,10:00-21:00,10:00-21:00,10:00-22:00,11:00-20:00,ACTIVE,true,true,rtl_pune,DBC-EYECRM-15,6,699
st_pune_1,Koregaon Park Store,Pune,"North Main Road, Koregaon Park, Pune 411001",18.5362,73.8940,Asia/Kolkata,10:00-21:00,10:00-21:00,10:00-21:00,10:00-21:00,10:00-21:00,10:00-22:00,11:00-20:00,ACTIVE,true,true,rtl_pune,DBC-LIPBALM-10,6,249
st_pune_1,Koregaon Park Store,Pune,"North Main Road, Koregaon Park, Pune 411001",18.5362,73.8940,Asia/Kolkata,10:00-21:00,10:00-21:00,10:00-21:00,10:00-21:00,10:00-21:00,10:00-22:00,11:00-20:00,ACTIVE,true,true,rtl_pune,DBC-BODYLOT-200,6,449
st_pune_1,Koregaon Park Store,Pune,"North Main Road, Koregaon Park, Pune 411001",18.5362,73.8940,Asia/Kolkata,10:00-21:00,10:00-21:00,10:00-21:00,10:00-21:00,10:00-21:00,10:00-22:00,11:00-20:00,ACTIVE,true,true,rtl_pune,DBC-BODYLOT-400,6,749
